{"cameraMode":{"drawMode":0,"name":"Shaded","section":"Shading Mode"},"sceneLighting":true,"audioPlay":false,"sceneViewState":{"m_AlwaysRefresh":false,"showFog":true,"showSkybox":true,"showFlares":true,"showImageEffects":true,"showParticleSystems":true,"showVisualEffectGraphs":true,"m_FxEnabled":true},"in2DMode":false,"pivot":{"x":12.4962797164917,"y":0.9914128184318543,"z":-2.4993398189544679},"rotation":{"x":-0.06764763593673706,"y":-0.9121251702308655,"z":0.16768024861812592,"w":-0.36790454387664797},"size":1.3449110984802247,"orthographic":false}